book link,timestamp
https://books.google.com/books?id=zaWgzgEACAAJ, 2022-08-30T07:15:31+00:00
https://books.google.com/books?id=zaWgzgEACAAJ,2021-05-26T13:40:46+00:00
https://books.google.com/books?id=mt-uYVrTK6kC,2021-05-26T13:37:15+00:00
,
https://books.google.com/books?id=ebaSngEACAAJ,2021-05-21T15:06:53+00:00
https://books.google.com/books?id=bQlHAAAAYAAJ,2021-03-29T12:04:32+00:00
https://books.google.com/books?id=wwDQVpF8qbgC,2021-03-26T08:07:59+00:00
https://books.google.com/books?id=bQlHAAAAYAAJ,021-03-26T08:06:07+00:00
https://books.google.com/books?id=5OMyDwAAQBAJ,2021-03-04T08:36:11+00:00
https://books.google.com/books?id=b-DTQwA4lDEC,2021-01-13T11:18:37+00:00
https://books.google.com/books?id=w81L1qAhNjoC,2021-01-13T11:18:20+00:00
https://books.google.com/books?id=0XlSDAAAQBAJ,2020-10-21T22:34:49+00:00
https://books.google.com/books?id=NRA_AAAAIAAJ,2020-05-13T13:42:08+00:00
https://books.google.com/books?id=IeO4mQEACAAJ,2020-04-29T13:17:06+00:00
https://books.google.com/books?id=OXDNCgAAQBAJ,2020-04-29T13:16:10+00:00
https://books.google.com/books?id=RrikoAEACAAJ,2020-04-29T13:13:18+00:00
https://books.google.com/books?id=mFG1ms7GVCYC, 2020-04-29T12:48:20+00:00
https://books.google.com/books?id=H0Ix2mSiv-oC,2020-04-22T10:34:12+00:00
https://books.google.com/books?id=GXkSDgAAQBAJ, 2020-04-22T10:29:39+00:00
https://books.google.com/books?id=7nYSDgAAQBAJ,2020-03-24T09:30:47+00:00
https://books.google.com/books?id=yJvtAgAAQBAJ, 2020-03-24T09:25:34+00:00
https://books.google.com/books?id=5js5B3leyogC, 2020-03-24T09:25:07+00:00
https://books.google.com/books?id=J2PXPbIDN90C,2020-02-11T00:55:44+00:00
