Channel Id,Channel Url,Channel Title
UC2a6N_GYwzOgQRp40TG3Iew,http://www.youtube.com/channel/UC2a6N_GYwzOgQRp40TG3Iew,Spencer Moeller
UC4JX40jDee_tINbkjycV4Sg,http://www.youtube.com/channel/UC4JX40jDee_tINbkjycV4Sg,Tech With Tim
UC6cHVCgYGDQES1BG7zrYGpg,http://www.youtube.com/channel/UC6cHVCgYGDQES1BG7zrYGpg,Darryl Gray Jr.
UC9xRcqG8V6yNi6Hum92EoGg,http://www.youtube.com/channel/UC9xRcqG8V6yNi6Hum92EoGg,7mlc
UCFBpVaKCC0ajGps1vf0AgBg,http://www.youtube.com/channel/UCFBpVaKCC0ajGps1vf0AgBg,Humphrey Yang
UCFfFE-6nfCHz4uDZ-08o6ng,http://www.youtube.com/channel/UCFfFE-6nfCHz4uDZ-08o6ng,Become Elite
UCIcoDIrQQxBbZqnPzO1zDFQ,http://www.youtube.com/channel/UCIcoDIrQQxBbZqnPzO1zDFQ,Make Money with Stacy La
UCJWhe40mLGahrpxhtgP66LQ,http://www.youtube.com/channel/UCJWhe40mLGahrpxhtgP66LQ,Epic Soccer Training
UCJf2M80XvBvCUbCDZ1SfgHg,http://www.youtube.com/channel/UCJf2M80XvBvCUbCDZ1SfgHg,Ots_hak Out the struggle
UCKvaSxHH11xccltyc8IFXjA,http://www.youtube.com/channel/UCKvaSxHH11xccltyc8IFXjA,Oliur Online
UCMCC6EtPQf8ESPv8PinLLAw,http://www.youtube.com/channel/UCMCC6EtPQf8ESPv8PinLLAw,MarloUpAKnot
UCRX0FkMIQ5opTkFreVuZ1JA,http://www.youtube.com/channel/UCRX0FkMIQ5opTkFreVuZ1JA,Kyle
UCTWuv2__eDxDlsaR02eUgCA,http://www.youtube.com/channel/UCTWuv2__eDxDlsaR02eUgCA,Maxwell Woodcock
UCUG_kDHXwfT06-uwlJ4cKjg,http://www.youtube.com/channel/UCUG_kDHXwfT06-uwlJ4cKjg,Ben Lionel Scott Shorts
UCUOMtzQmEmhIAF8G_cha_Xw,http://www.youtube.com/channel/UCUOMtzQmEmhIAF8G_cha_Xw,Dorian Develops
UCUi8-43U6f7y3Nti0SLRNYw,http://www.youtube.com/channel/UCUi8-43U6f7y3Nti0SLRNYw,Theopetra
UCY-UlEymdA23eo09U9a0FLA,http://www.youtube.com/channel/UCY-UlEymdA23eo09U9a0FLA,CYBERWOX
UCZ59iKBmGRfQlnl73sOX0Lw,http://www.youtube.com/channel/UCZ59iKBmGRfQlnl73sOX0Lw,Sebastian Ghiorghiu
UCdj_xpAHRDYjkpj0LXqScGw,http://www.youtube.com/channel/UCdj_xpAHRDYjkpj0LXqScGw,MooseTrax
UChDpNHK6dtndJbZxKi7c1_Q,http://www.youtube.com/channel/UChDpNHK6dtndJbZxKi7c1_Q,Brandao
UCiatdJCRP3BRcggU5WDJ4TA,http://www.youtube.com/channel/UCiatdJCRP3BRcggU5WDJ4TA,SquidTalkPodcast
UCjRCWxEBiqV8yqwxX7SsYkA,http://www.youtube.com/channel/UCjRCWxEBiqV8yqwxX7SsYkA,HillierSmith
UCqTDJKEl_rbjKBbSVpRK28Q,http://www.youtube.com/channel/UCqTDJKEl_rbjKBbSVpRK28Q,Isaac Suffren
UCsMHMBStZP_BQZMRfmjinsA,http://www.youtube.com/channel/UCsMHMBStZP_BQZMRfmjinsA,Bellamy Cox - Sitkiewicz
UCuZKylH1f5Ovi-GoxaSh1-g,http://www.youtube.com/channel/UCuZKylH1f5Ovi-GoxaSh1-g,Jamarus





